{
	  "intents": [
	    {
	      "intent": "GetExchangeIntent",
        "slots": [
          {
            "name": "Country",
	        "type": "AMAZON.Country"
          }
        ]
	    },
	    {
	      "intent": "AMAZON.StartOverIntent"
	    },
	    {
	      "intent": "AMAZON.RepeatIntent"
	    },
	    {
	      "intent": "AMAZON.HelpIntent"
	    },
	    {
	      "intent": "AMAZON.YesIntent"
	    },
	    {
	      "intent": "AMAZON.NoIntent"
	    },
	    {
	      "intent": "AMAZON.StopIntent"
	    },
	    {
	      "intent": "AMAZON.CancelIntent"
	    }
	  ]
	}
